protein,query,smiles,grid,mcss<0.5,any_near_native
5HT2B,4IB4,CN1C[C@@H](C=C2[C@H]1Cc3c[nH]c4cccc2c34)C(=O)N[C@]5(C)O[C@@]6(O)[C@@H]7CCCN7C(=O)[C@H](Cc8ccccc8)N6C5=O,4IB4,False,False
5HT2B,5TVN,CCN(CC)C(=O)[C@H]1CN([C@@H]2Cc3c[nH]c4c3c(ccc4)C2=C1)C,4IB4,True,True
5HT2B,6DRX,CCN(CC)C(=O)N[C@@H]1CN([C@@H]2Cc3c[nH]c4c3c(ccc4)C2=C1)C,4IB4,True,True
5HT2B,6DRY,CC[C@@H](CO)NC(=O)[C@H]1CN([C@@H]2Cc3c[nH]c4c3c(ccc4)C2=C1)C,4IB4,True,True
5HT2B,6DRZ,CC[C@@H](CO)NC(=O)[C@H]1CN([C@@H]2Cc3cn(c4c3c(ccc4)C2=C1)C)C,4IB4,True,True
5HT2B,6DS0,Cc1ccc2c(c1)c3c([nH]2)[C@@H](NCC3)Cc4ccc(c(c4Cl)OC)OC,4IB4,True,True
AR,2AXA,C[C@](O)(COc1ccc(F)cc1)C(=O)Nc2ccc(c(c2)C(F)(F)F)[N+]([O-])=O,2AXA,False,False
AR,1E3G,C[C@@]1(CC[C@@H]2[C@@]1(C=CC3=C4CCC(=O)C=C4CC[C@@H]23)C)O,2AXA,True,True
AR,1T5Z,C[C@]12CCC(=O)C[C@@H]1CC[C@@H]3[C@@H]2CC[C@]4([C@H]3CC[C@@H]4O)C,2AXA,True,False
AR,2AM9,C[C@]12CC[C@H]3[C@H]([C@@H]1CC[C@@H]2O)CCC4=CC(=O)CC[C@]34C,2AXA,True,False
AR,2AMB,CC[C@@]1(CC[C@@H]2[C@@]1(C=CC3=C4CCC(=O)C=C4CC[C@@H]23)CC)O,2AXA,True,True
AR,2AX9,C[C@](CBr)(C(=O)Nc1ccc(c(c1)C(F)(F)F)[N+](=O)[O-])O,2AXA,False,True
AR,2HVC,c1cc2c(cc1N(CC(F)(F)F)CC(F)(F)F)C(=CC(=O)N2)C(F)(F)F,2AXA,True,True
AR,3B5R,C[C@](COc1ccc(c(c1)F)Cl)(C(=O)Nc2ccc(c(c2)C(F)(F)F)C#N)O,2AXA,False,True
AR,3B65,C[C@](COc1ccc(cc1)C#N)(C(=O)Nc2ccc(c(c2)I)C#N)O,2AXA,False,True
AR,3B66,C[C@](COc1ccc(cc1)[N+](=O)[O-])(C(Nc2ccc(c(c2)C(F)(F)F)C#N)O)O,2AXA,False,True
AR,3B67,C[C@](COc1c(c(c(c(c1F)F)F)F)F)(C(=O)Nc2ccc(c(c2)C(F)(F)F)[N+](=O)[O-])O,2AXA,False,True
AR,3B68,CC(=O)Nc1ccc(cc1)OC[C@@](C)(C(=O)Nc2ccc(c(c2)C(F)(F)F)[N+](=O)[O-])O,2AXA,False,True
AR,3RLJ,C[C@](COc1ccc(cc1)C#N)(C(=O)Nc2ccc(c(c2)C(F)(F)F)C#N)O,2AXA,False,True
AR,3V49,C[C@]1(C(=O)N(C(=O)N1C)c2ccc(c(c2)C(F)(F)F)C#N)c3ccc(cc3)O,2AXA,True,True
AR,3V4A,C[C@]1(C(=O)N(C(=S)N1C)c2ccc(c(c2)Cl)Cl)c3ccc(cc3)O,2AXA,True,True
AR,4QL8,Cc1c(ccc(c1Cl)C#N)C2=NN3CC[C@@H]([C@H]3[C@@H]2OC)O,2AXA,True,True
AR,5CJ6,Cc1c(ccc(c1Cl)C#N)N[C@@H]2CCC[C@@]2(C)O,2AXA,True,True
AR,5T8E,Cc1c(ccc(c1Cl)C#N)N2CC[C@@H]([C@@H]2C)O,2AXA,True,True
AR,5T8J,Cc1c(ccc(c1F)C#N)N2CC[C@]([C@@H]2C)(C)O,2AXA,True,True
AR,5V8Q,CC[C@H]1[C@H](CC(=O)N1c2ccc(c(c2)C(F)(F)F)C#N)O,2AXA,True,True
B1AR,2VT4,CC(C)(C)NC[C@H](O)COc1cccc2N=C(Cc12)C#N,2VT4,False,False
B1AR,2Y00,C[C@H](CCc1ccc(cc1)O)NCCc2ccc(c(c2)O)O,2VT4,True,True
B1AR,2Y02,C[C@H](Cc1ccc(cc1)OC)NC[C@@H](c2ccc(c3c2C=CC(=O)N3)O)O,2VT4,True,True
B1AR,2Y03,CC(C)NC[C@@H](c1ccc(c(c1)O)O)O,2VT4,True,True
B1AR,2Y04,CC(C)(C)NC[C@@H](c1ccc(c(c1)CO)O)O,2VT4,True,True
B1AR,2YCW,CC(C)NC[C@@H](COc1cccc2c1c3ccccc3[nH]2)O,2VT4,False,True
B1AR,2YCZ,CC(C)(C)NC[C@@H](COc1cccc2c1c(c([nH]2)C#N)I)O,2VT4,False,True
B1AR,3ZPQ,c1cc2c(cc[nH]2)c(c1)N3CCNCC3,2VT4,True,True
B1AR,3ZPR,Cc1cc(nc2c1cccc2)N3CCNCC3,2VT4,True,True
B1AR,4AMI,CC(C)(Cc1c[nH]c2c1cccc2)NC[C@@H](COc3ccccc3C#N)O,2VT4,False,True
B1AR,4AMJ,COc1ccccc1OCCNC[C@@H](COc2cccc3c2c4ccccc4[nH]3)O,2VT4,False,True
B1AR,5A8E,Cc1ccc(c2c1[nH]c(c2)C#N)OC[C@H](CNC(C)(C)C)O,2VT4,False,True
B2AR,2RH1,CC(C)NC[C@H](O)COc1cccc2[nH]c3ccccc3c12,2RH1,False,False
B2AR,3D4S,CC(C)(C)NC[C@@H](COc1c(nsn1)N2CCOCC2)O,2RH1,True,True
B2AR,3NY8,Cc1ccc(c2c1CCC2)OC[C@H]([C@H](C)NC(C)C)O,2RH1,False,True
B2AR,3NY9,CCOC(=O)c1c(c2c(o1)cccc2OC[C@H](CNC(C)C)O)C,2RH1,False,True
B2AR,3NYA,CC(C)NC[C@@H](COc1ccccc1CC=C)O,2RH1,False,True
B2AR,3P0G,Cc1ccccc1CC(C)(C)NC[C@@H](c2ccc(c3c2OCC(=O)N3)O)O,2RH1,True,True
B2AR,4LDL,CC(C)(Cc1ccc(cc1)O)NC[C@@H](c2ccc(c(c2)O)O)O,2RH1,True,True
B2AR,4LDO,CNC[C@@H](c1ccc(c(c1)O)O)O,2RH1,True,True
BACE1,1FKN,CC(C)C[C@H](NC(=O)[C@H](CC(N)=O)NC(=O)[C@@H](NC(=O)[C@@H](N)CCC(O)=O)C(C)C)[C@@H](O)C[C@@H](C)C(=O)N[C@@H](C)C(=O)N[C@@H](CCC(O)=O)C(=O)N[C@@H](Cc1ccccc1)C(O)=O,1FKN,False,False
BACE1,1M4H,CC(C)C[C@H](NC(=O)[C@H](CC(O)=O)NC(=O)[C@H](CC(C)C)NC(=O)[C@@H](N)CCC(O)=O)[C@@H](O)C[C@@H](C)C(=O)N[C@@H](C(C)C)C(=O)N[C@@H](CCC(O)=O)C(=O)N[C@@H](Cc1ccccc1)C(O)=O,1FKN,False,False
BACE1,2FDP,CCCN(CCC)C(=O)c1cccc(c1)C(=O)N[C@@H](Cc2ccccc2)[C@H](C[C@@H](C)C(=O)Nc3ccc(cc3)F)N,1FKN,True,False
BACE1,2G94,Cc1cc(n(n1)COC(=O)N[C@@H](CS(=O)(=O)C)C(=O)N[C@@H](CC(C)C)[C@H](C[C@@H](C)C(=O)N[C@@H](C(C)C)C(=O)NCC(C)C)O)C,1FKN,True,False
BACE1,2P4J,CC(C)C[C@@H]([C@H](C[C@@H](C)C(=O)N[C@@H](C(C)C)C(=O)NC(C)C)O)NC(=O)c1cc(cc(c1)[N@@](C)S(=O)(=O)C)C(=O)N[C@H](C)c2ccccc2,1FKN,True,False
BACE1,2QMG,Cc1cc(cc(c1)C(=O)N2CCC[C@@H]2COC)C(=O)N[C@@H](Cc3cc(cc(c3)F)F)[C@@H]([C@H]4C[C@H](CN4)Oc5ccccc5)O,1FKN,True,True
BACE1,2VKM,C[C@H](c1ccccc1)NC(=O)c2cc(cc(c2)[N@@](C)S(=O)(=O)C)C(=O)N[C@@H](Cc3ccccc3)[C@@H](CNCc4cccc(c4)OC)O,1FKN,True,False
BACE1,3BRA,c1cc(ccc1CCN)O,1FKN,True,True
BACE1,3BUF,C[C@H](Cc1ccc(cc1)O)N,1FKN,True,True
BACE1,3BUG,CCc1cc(ccc1O)CCN,1FKN,True,True
BACE1,3BUH,c1cc(c(cc1CCN)C2CCCCC2)O,1FKN,True,True
BACE1,3CKP,CN(C)c1cccc(c1)CNC[C@H]([C@H](Cc2ccccc2)NC(=O)[C@@H]3CN(C(=O)N3)Cc4cccc(c4)OC)O,1FKN,True,False
BACE1,3I25,C[C@H](c1ccccc1)NC(=O)c2cc(cc(c2)N(C)S(=O)(=O)C)C(=O)N[C@@H](COc3cc(cc(c3)F)F)[C@H](C[C@H](C(=O)N[C@@H](C(C)C)C(=O)NCc4ccccc4)OCCOC)O,1FKN,True,False
BACE1,3KMX,[H]/N=C(/N)\SCc1ccc(c(c1)Cl)OCCCC,1FKN,True,True
BACE1,3KMY,c1cc(cc(c1)Cl)CCc2cccnc2N,1FKN,True,False
BACE1,3L59,[H]/N=C\1/NC(C(=O)N1Cc2cccc(c2)Cl)(C)C,1FKN,True,False
BACE1,3LPI,CCCN(CCC)C(=O)c1cc(cc(c1)C(=O)N[C@@H](Cc2cc(cc(c2)F)F)[C@@H]([C@H]3C[N@](CCN3)S(=O)(=O)c4ccccc4)O)C,1FKN,True,False
BACE1,3LPK,Cc1cccc(c1)S(=O)(=O)[N@]2CCN[C@H](C2)[C@H]([C@H](Cc3cc(cc(c3)F)F)NC(=O)c4cc(cc(c4)C(=O)N5CCC[C@@H]5COC)C)O,1FKN,True,False
BACE1,3RSX,c1cc(nc2c1cc(cc2)c3ccsc3)N,1FKN,True,False
BACE1,3RU1,c1ccc2c(c1)cc(c(n2)N)CCC(=O)NCC3CCCCC3,1FKN,True,False
BACE1,3UDH,c1ccc2c(c1)[C@]3(CCNC3)C(=O)N2,1FKN,True,True
BRD4,2YEL,Cc1nnc2[C@H](NC(=O)OCc3ccccc3)N=C(c4ccccc4)c5ccccc5n12,2YEL,False,False
BRD4,3P5O,CCNC(=O)C[C@H]1c2nnc(n2-c3ccc(cc3C(=N1)c4ccc(cc4)Cl)OC)C,2YEL,False,True
BRD4,3U5J,Cc1nnc2n1-c3ccc(cc3C(=NC2)c4ccccc4)Cl,2YEL,False,True
BRD4,3U5L,Cc1nnc2n1-c3ccc(cc3C(=NN2C)c4ccccc4)Cl,2YEL,False,True
BRD4,3ZYU,Cc1c(c(on1)C)c2cc3c(cc2OC)c4c(cn3)NC(=O)N4[C@H](C)c5ccccn5,2YEL,True,True
BRD4,4LYW,CCc1c(c([nH]c1C(=O)Nc2cc(ccc2O)S(=O)(=O)N(CC)CC)C)C(=O)C,2YEL,True,True
BRD4,4LZR,CC(=O)N[C@H]1CCc2cc(c(c(c2C3=CC=C(C(=O)C=C13)OC)OC)OC)OC,2YEL,True,True
BRD4,4LZS,CCc1c(c([nH]c1C(=O)NC)C)C(=O)C,2YEL,True,True
BRD4,4NUC,Cc1cc(cc(c1O)C)/N=N/c2ccc(cc2)S(=O)(=O)Nc3ccccn3,2YEL,True,False
BRD4,4NUE,Cc1cc(c(c(c1O)C)N)/N=N/c2ccc(cc2)S(=O)(=O)Nc3ccccn3,2YEL,True,False
BRD4,4OGJ,Cc1cnc(nc1Nc2cccc(c2)S(=O)(=O)NC(C)(C)C)Nc3ccc(cc3)OCCN4CCCC4,2YEL,True,False
BRD4,4QB3,CC(=O)NCCCCn1c2ccccc2c3c1CCNC3=O,2YEL,True,True
BRD4,4WIV,Cc1c(c(on1)C)c2ccc(cc2)c3c(n4ccncc4n3)NC(C)(C)C,2YEL,True,True
BRD4,4XYA,c1coc2c1cc(cc2c3c4c([nH]cn4)nc(n3)N)Br,2YEL,True,False
BRD4,4Z93,Cc1c(c(n[nH]1)C2CC2)c3c4c(ccn3)[nH]c5c4cc(c(c5)c6c(noc6C)C)OC,2YEL,True,True
BRD4,5ACY,C[C@H]1C[C@H](c2cc(ccc2N1C(=O)C)c3ccc(cc3)CN4CCCCC4)Nc5ccccc5,2YEL,True,False
CDK2,1AQ1,CN[C@@H]1C[C@H]2O[C@@](C)([C@@H]1OC)n3c4ccccc4c5c6CNC(=O)c6c7c8ccccc8n2c7c35,1AQ1,False,False
CDK2,1DI8,COc1cc2c(cc1OC)ncnc2Nc3cccc(c3)O,1AQ1,True,True
CDK2,1DM2,C1CNC(=O)C2=NC(=CC2C1C3=NC(=NC3=O)N)Br,1AQ1,True,True
CDK2,1E1V,c1[nH]c2c(n1)c(nc(n2)N)OCC3CCCCC3,1AQ1,True,False
CDK2,1E1X,C1CCC(CC1)COc2c(c(nc(n2)N)N)N=O,1AQ1,True,False
CDK2,1E9H,c1ccc2c(c1)C(=O)/C(=C/3\c4cc(ccc4NC3=O)S(=O)(=O)O)/N2,1AQ1,True,True
CDK2,1FIN,c1nc(c2c(n1)n(cn2)[C@H]3[C@@H]([C@@H]([C@H](O3)CO[P@@](=O)(O)O[P@](=O)(O)OP(=O)(O)O)O)O)N,1AQ1,True,False
CDK2,1FVT,c1cc(ccc1/N=N/C2=C3C=C(C=CC3=NC2=O)Br)S(=O)(=O)N,1AQ1,True,True
CDK2,1FVV,c1ccnc(c1)NS(=O)(=O)c2ccc(cc2)NCC3=C4c5c(ncs5)C=CC4=NC3=O,1AQ1,True,True
CDK2,1G5S,c1ccc(cc1)CNc2c3c(nc(n2)NC4CCC(CC4)N)n(cn3)C5CCCC5,1AQ1,True,True
CDK2,1GIH,c1ccnc(c1)NC(=O)Nc2cccc3c2[C@H]4CCCN4C3=O,1AQ1,True,True
CDK2,1GIJ,c1cc2c(c(c1)NC(=O)Nc3cc([nH]n3)[C@@H]4CCCN4)[C@@H]5CCCN5C2=O,1AQ1,True,True
CDK2,1GZ8,CC(C)C(=O)COc1c2c(nc[nH]2)nc(n1)N,1AQ1,True,True
CDK2,1H0V,c1[nH]c2c(n1)c(nc(n2)N)OC[C@H]3CCC(=O)N3,1AQ1,True,True
CDK2,1H1Q,c1ccc(cc1)Nc2nc3c(c(n2)OCC4CCCCC4)[nH]cn3,1AQ1,True,True
CDK2,1H1R,c1cc(cc(c1)Cl)Nc2nc3c(c(n2)OCC4CCCCC4)[nH]cn3,1AQ1,True,True
CDK2,1H1S,c1cc(ccc1Nc2nc3c(c(n2)OCC4CCCCC4)nc[nH]3)S(=O)(=O)N,1AQ1,True,True
CDK2,1JSV,c1cc(ccc1Nc2cc(ncn2)N)S(=O)(=O)N,1AQ1,True,True
CDK2,1JVP,c1ccc-2c(c1)Cc3c2n[nH]c3c4ccncc4,1AQ1,True,True
CDK2,1KE5,CNS(=O)(=O)c1ccc(cc1)N\C=C/2\c3ccccc3NC2=O,1AQ1,True,True
DAT,4M48,CNCCC=C1c2ccccc2CCc3ccccc13,4M48,False,False
DAT,4XNU,CNCC[C@@H](c1ccccc1)Oc2ccccc2OC,4M48,True,True
DAT,4XNX,CCOc1ccccc1O[C@H](c2ccccc2)[C@H]3CNCCO3,4M48,True,True
DAT,4XP1,c1cc(c(cc1CCN)O)O,4M48,True,False
DAT,4XP4,C[N@]1[C@H]2CC[C@@H]1[C@H]([C@H](C2)OC(=O)c3ccccc3)C(=O)OC,4M48,True,True
DAT,4XP5,CN1[C@H]2CC[C@@H]1[C@H]([C@H](C2)c3ccc(cc3)I)C(=O)OC,4M48,True,True
DAT,4XP6,C[C@@H](Cc1ccccc1)NC,4M48,True,True
DAT,4XP9,C[C@@H](Cc1ccccc1)N,4M48,True,True
DAT,4XPA,c1cc(c(cc1CCN)Cl)Cl,4M48,True,True
DHFR,1BOZ,COc1ccc(OC)c(CN(C)c2cnc3nc(N)nc(N)c3c2)c1,1BOZ,False,False
DHFR,1DLR,Cc1c(cnc2c1c(nc(n2)N)N)Cc3cc(ccc3OC)OC,1BOZ,True,True
DHFR,1DLS,CN(Cc1cnc2c(n1)c(nc(n2)N)N)c3ccc(cc3)C(=O)N[C@@H](CCC(=O)O)C(=O)O,1BOZ,True,False
DHFR,1HFP,C[N@](Cc1coc2c1c(nc(n2)N)N)c3ccc(cc3)C(=O)N[C@@H](CCC(=O)O)C(=O)O,1BOZ,True,False
DHFR,1KMS,Cc1c(cnc2c1c(nc(n2)N)N)CNc3cccc4c3cccn4,1BOZ,True,True
DHFR,1KMV,Cc1c(cnc2c1c(nc(n2)N)N)\C=C/c3cc(ccc3OC)OC,1BOZ,True,True
DHFR,1OHJ,c1ccc(c(c1)C(=O)NCCC[C@@H](C(=O)O)NC(=O)c2ccc(cc2)NCc3cnc4c(n3)c(nc(n4)N)N)C(=O)O,1BOZ,True,False
DHFR,1PD8,Cc1c(cnc2c1c(nc(n2)N)N)C[N@@](C)c3cc(c(c(c3)OC)OC)OC,1BOZ,True,True
DHFR,2W3A,COc1cc(cc(c1OC)OC)Cc2cnc(nc2N)N,1BOZ,True,True
DHFR,3GHC,CCc1c(c2c(s1)N=C(NC2=O)N)Sc3ccc(cc3)C(=O)N[C@@H](CCC(=O)O)C(=O)O,1BOZ,True,False
DHFR,3GHW,Cc1c(c2c(s1)N=C(NC2=O)N)Sc3ccc(cc3)C(=O)N[C@@H](CCC(=O)O)C(=O)O,1BOZ,True,False
DHFR,3GYF,C/C(=C/c1coc2c1c(nc(n2)N)N)/c3ccccc3OC,1BOZ,True,True
DHFR,3NTZ,c1cc(c2c(c1)sc3c2C(=O)NC(=N3)N)CNc4ccc(cc4)C(=O)N[C@@H](CCC(=O)O)C(=O)O,1BOZ,True,True
DHFR,3NU0,c1cc(c2c(c1)sc3c2C(=O)NC(=N3)N)CNc4ccc5c(c4)CN(C5=O)[C@@H](CCC(=O)O)C(=O)O,1BOZ,True,True
DHFR,3NXO,CC(C)/C(=C/c1coc2c1c(nc(n2)N)N)/c3ccccc3OC,1BOZ,True,True
DHFR,3NXT,COc1ccccc1/C(=C/c2coc3c2c(nc(n3)N)N)/C4CC4,1BOZ,True,True
DHFR,3NXV,CCCC/C(=C\c1coc2c1c(nc(n2)N)N)/c3ccccc3OC,1BOZ,True,True
DHFR,3NXY,CC[C@@H](C)/C(=C\c1coc2c1c(nc(n2)N)N)/c3ccccc3OC,1BOZ,True,True
DHFR,4DDR,CCc1c(c(nc(n1)N)N)OCCCOc2ccccc2CCC(=O)O,1BOZ,True,True
DHFR,4KAK,CCc1c(c(nc(n1)N)N)C#C[C@H](C)c2cc(cc(c2)OC)c3ccncc3,1BOZ,True,True
ELANE,3Q77,CC1=C([C@H](NC(=O)N1c2cccc(c2)C(F)(F)F)c3ccc(cc3)C#N)C(=O)OCCO,3Q77,False,False
ELANE,5A09,CC1=C([C@H](N(C(=O)N1c2cccc(c2)C(F)(F)F)CC(=O)O)c3ccc(cc3)C#N)C(=O)C,3Q77,False,True
ELANE,5A0A,CC1=C([C@H](NC(=O)N1c2cccc(c2)C(F)(F)F)c3ccc(nc3)C#N)C(=O)C,3Q77,False,False
ELANE,5A0B,CC1=C([C@H](N(C(=O)N1c2cccc(c2)C(F)(F)F)CC(=O)N3CCN(CC3)C(C)C)c4ccc(cc4)C#N)C#N,3Q77,False,True
ELANE,5A0C,CC1=C([C@H](NC(=O)N1c2cccc(c2)C(F)(F)F)c3ccc(cc3S(=O)(=O)C)C#N)C#N,3Q77,False,False
ELANE,5A8X,CCOC(=O)C1=C(N(c2[nH]cc[n+]2[C@@H]1c3ccc(cc3)C#N)c4cccc(c4)C(F)(F)F)C,3Q77,False,False
ELANE,5A8Y,CC1=C([C@H](N2C(=N/C(=N/C(=O)OC)/N2)N1c3cccc(c3)C(F)(F)F)c4ccc(cc4)C#N)C#N,3Q77,False,True
ELANE,5A8Z,CN1CC2=C([C@H](NC(=O)N2c3cccc(c3)C(F)(F)F)c4ccc(cc4)C#N)C(=O)N1,3Q77,False,True
ELANE,5ABW,Cc1c(c(on1)C)C2=C(N(C(=O)C(=C2)C(=O)NCc3ccc(cc3)S(=O)(=O)C)c4cccc(c4)Cl)C,3Q77,True,True
ERA,1A52,C[C@]12CC[C@H]3[C@@H](CCc4cc(O)ccc34)[C@@H]1CC[C@@H]2O,1A52,False,False
ERA,1ERR,c1cc(ccc1c2c(c3ccc(cc3s2)O)C(=O)c4ccc(cc4)OCCN5CCCCC5)O,1A52,True,True
ERA,1GWQ,c1cc(ccc1c2cc3ccc(cc3s2)O)O,1A52,True,True
ERA,1L2I,CC[C@@H]1Cc2cc(ccc2C3=C1c4ccc(cc4C[C@H]3CC)O)O,1A52,False,True
ERA,1R5K,CC/C(=C(\c1ccccc1)/c2ccc(cc2)/C=C/C(=O)O)/c3ccccc3,1A52,True,True
ERA,1SJ0,c1cc(ccc1[C@@H]2[C@@H](Oc3ccc(cc3S2)O)c4ccc(cc4)OCCN5CCCCC5)O,1A52,True,True
ERA,1UOM,c1ccc(cc1)N2CCc3cc(ccc3[C@H]2c4ccc(cc4)OCCN5CCCCC5)O,1A52,True,True
ERA,1X7E,c1cc(ccc1c2cc3cc(cc(c3o2)CC#N)O)O,1A52,True,True
ERA,1X7R,c1cc(ccc1C2=COc3cc(cc(c3C2=O)O)O)O,1A52,False,True
ERA,1XP1,C[C@H]1CN(C[C@@H]1C)CCOc2ccc(cc2)[C@H]3[C@H](Sc4cc(ccc4O3)O)c5ccc(cc5)O,1A52,True,True
ERA,1XP6,C[C@@H]1CN(C[C@H]1C)CCOc2ccc(cc2)[C@H]3[C@H](Sc4cc(ccc4O3)O)c5ccc(cc5)O,1A52,True,True
ERA,1XP9,C[C@@H](COc1ccc(cc1)[C@H]2[C@H](Sc3cc(ccc3O2)O)c4ccc(cc4)O)N5CCCC5,1A52,True,True
ERA,1XPC,C[C@H](COc1ccc(cc1)[C@H]2[C@H](Sc3cc(ccc3O2)O)c4ccc(cc4)O)N5CCCC5,1A52,True,True
ERA,1XQC,c1ccc(cc1)[N@@]2CCc3cc(ccc3[C@H]2c4ccc(cc4)[N@]5CC[N@@]6CCCC[C@H]6C5)O,1A52,True,False
ERA,1YIM,C[C@@H]1c2cc(ccc2O[C@H]([C@H]1c3ccc(cc3)O)c4ccc(cc4)OCCN5CCCC5)O,1A52,True,True
ERA,1YIN,C[C@@H]1c2c(ccc(c2F)O)O[C@H]([C@H]1c3ccc(cc3)O)c4ccc(cc4)OCCN5CCCCC5,1A52,True,True
ERA,1ZKY,C[C@H]1C=C([C@@H]2[C@@H]([C@]1(CO[C@@H]2c3ccc(cc3)O)CO)C)C,1A52,False,False
ERA,2AYR,CS(=O)(=O)c1ccc(cc1)c2ccc3cc(ccc3c2Oc4ccc(cc4)OCCN5CCCCC5)O,1A52,True,False
ERA,2B1V,CC1=CC[C@]2(C[C@@H]1[C@H](OC2)c3ccc(cc3)O)CO,1A52,False,True
ERA,2B1Z,C[C@]12CCc3c4ccc(cc4ccc3[C@@H]1CC[C@@]2(C)O)O,1A52,False,True
ERA,2FAI,CC1CC[C@@]2(CO[C@@H]([C@H]1[C@H]2C)c3ccc(cc3)O)CO,1A52,False,True
F10,1EZQ,COC(=O)[C@H](Cc1cccc(c1)C(N)=N)[C@@H](C)NC(=O)c2ccc(cc2)c3cccc(CN)c3,1EZQ,False,False
F10,1F0R,c1cc2c(cc(s2)S(=O)(=O)N[C@H]3CCN(C3=O)Cc4ccc5ccnc(c5c4)N)nc1,1EZQ,True,False
F10,1F0S,c1cc2c(cc(s2)S(=O)(=O)N[C@H]3CCN(C3=O)Cc4cc5ccncc5[nH]4)nc1,1EZQ,True,True
F10,1FJS,[H]/N=C(\c1ccc(c(c1)Oc2c(c(c(c(n2)Oc3cccc(c3)C4=NCCN4C)F)N(C)CC(=O)O)F)O)/N,1EZQ,True,True
F10,1G2L,[H]/N=C(/c1ccc(cc1)NCc2nc3cc(ccc3n2C)C4(CC4)/C(=N\OCC(=O)OCC)/c5ccccn5)\N,1EZQ,True,True
F10,1KSN,C[C@H]([C@@H](Cc1cccc(c1)C(=[NH2+])N)C(=O)OC)NC(=O)c2ccc(cc2)c3cc[n+](cc3)[O-],1EZQ,False,True
F10,1LPG,C[N+](C)(C)c1ccc(cc1)CNC(=O)c2cc3cc(ccc3n2Cc4cccc(c4)C(=N)N)OCc5ccccc5,1EZQ,True,False
F10,1LPK,[H]/N=C(\C1CC=CC(=C1)Cn2c3ccccc3cc2C(=O)OCC4CCCC(C4)C(=N)N)/N,1EZQ,True,False
F10,1LPZ,Cc1cccc2c1cc(n2Cc3cccc(c3)C(=N)N)C(=O)NCc4cc(cc(c4)Cl)Cl,1EZQ,True,False
F10,1MQ5,CN1CCN(CC1)Cc2csc(c2Cl)C(=O)Nc3ccc(cc3C(=O)Nc4ccc(cc4)Cl)Cl,1EZQ,True,True
F10,1MQ6,CN(Cc1csc(c1Cl)C(=O)Nc2c(cc(cc2OC)Cl)C(=O)Nc3ccc(cn3)Cl)C4=NCCO4,1EZQ,True,True
F10,1NFU,c1cc(cc(c1)C(=N)N)CN2CC[N@@](CC2=O)S(=O)(=O)c3cc4ccc(cc4s3)Cl,1EZQ,True,False
F10,1NFW,c1cc(sc1\C=C\S(=O)(=O)[N@]2CCN(C(=O)C2)Cc3cc4cnccc4[nH]3)Cl,1EZQ,True,True
F10,1NFX,c1cc(cc2c1cc(s2)S(=O)(=O)[N@]3CCN(C(=O)C3)Cc4cc5cnccc5n4CCO)Cl,1EZQ,True,False
F10,1NFY,c1cc(ccc1CN2CC[N@@](CC2=O)S(=O)(=O)c3cc4ccc(cc4s3)Cl)C(=N)N,1EZQ,True,True
F10,1XKA,c1cc(cc(c1)[C@H](CCCNc2ccncc2)C(=O)O)c3cccc(c3)C(=N)N,1EZQ,True,True
F10,1Z6E,CN(C)Cc1nccn1c2ccc(c(c2)F)NC(=O)c3cc(nn3c4ccc5c(c4)c(no5)N)C(F)(F)F,1EZQ,True,True
F10,2BOH,CC(C)N1CCC(CC1)NC(=O)c2cc3ccccc3n2Cc4cc(on4)c5ccc(s5)Cl,1EZQ,True,True
F10,2BOK,C[N+](C)(C)CCCN1C(=O)[C@H]2[C@@H]3CCC[N@@]3[C@H]([C@H]2C1=O)c4ccc(cc4)C(=N)N,1EZQ,True,False
F10,2BQ7,CC(C)N1CCC(CC1)NC(=O)c2cc3ccccc3n2Cc4cccc(c4)OC,1EZQ,True,True
F10,2J2U,C[C@@H](C(=O)N1CCOCC1)N2CC[C@@H](C2=O)NS(=O)(=O)c3cc4cc(ccc4[nH]3)Cl,1EZQ,True,True
F2,1A4W,CN(C)c1cccc2c1cccc2[S](=O)(=O)N[C@@H](CCCNC(N)=[NH2+])C(=O)N3CCCC[C@@H]3CCC(=O)c4sccn4,1A4W,False,False
F2,1BCU,c1cc(cc2c1cc3ccc(cc3n2)N)N,1A4W,True,False
F2,1BHX,c1ccc(cc1)CS(=O)(=O)N[C@@H]2CC[C@H]3N(C2=O)[C@@H](CS3)C(=O)NCCCNC(=N)N,1A4W,True,True
F2,1C1U,c1ccc2c(c1)[nH]c(n2)Cc3[nH]c4ccc(cc4n3)C(=N)N,1A4W,True,False
F2,1C1V,c1cc2c(cc1C(=[NH2+])N)[nH]c([nH+]2)Cc3[nH]c4cc(ccc4n3)C(=[NH2+])N,1A4W,True,True
F2,1C4U,c1cc(ccc1S(=O)(=O)CCN2C(=O)N3CC=C[C@H](N3C2=O)C(=O)NCC4CCC(CC4)C(=N)N)Br,1A4W,True,True
F2,1C5N,c1cc2c(cc(s2)C(=[NH2+])N)c(c1)I,1A4W,True,True
F2,1C5O,c1ccc(cc1)C(=[NH2+])N,1A4W,True,True
F2,1D3D,c1cc(ccc1c2c(c3ccc(cc3s2)O)Cc4ccc(c(c4)Br)CN5CCCC5)OCCN6CCCC6,1A4W,True,True
F2,1D3P,c1cc(ccc1Cc2c3ccc(cc3sc2c4ccc(nc4)OCCN5CCCC5)O)OCCN6CCCC6,1A4W,True,True
F2,1D4P,c1ccc(cc1)CC2CCN(CC2)C(=O)C3=CC4C=C(C=CC4=N3)C(=[NH2+])N,1A4W,True,True
F2,1D6W,c1ccc(cc1)S(=O)(=O)CCN2C(=O)N3CC=C[C@H](N3C2=O)C(=O)NC4CCC(CC4)c5cnc([nH]5)N,1A4W,True,False
F2,1D9I,c1ccc(cc1)S(=O)(=O)CCN2C(=O)N3CC=C[C@H](N3C2=O)C(=O)NCC4CCC(CC4)N,1A4W,True,True
F2,1G30,[H]/N=C(/c1ccc(cc1)NCc2nc3cc(ccc3n2C)C4(CC4)/C(=N\OCC(=O)OCC)/c5ccccn5)\N,1A4W,True,True
F2,1G32,[H]/N=C(/c1ccc(cc1)NCc2nc3cc(ccc3n2C)Cn4c(nc5c4cccc5)C)\N,1A4W,True,False
F2,1GHV,c1cc2c(cc1C(=[NH2+])N)nc([nH]2)C3=CC=CNC3=O,1A4W,True,True
F2,1GHW,c1ccc(c(c1)c2[nH]c3ccc(cc3n2)C(=[NH2+])N)O,1A4W,True,True
F2,1GHY,c1cc(c(nc1)c2[nH]c3ccc(cc3n2)C(=[NH2+])N)O,1A4W,True,True
F2,1K21,C1CCC(CC1)C[C@H](C(=O)N2CCCC[C@H]2C(=O)NCCCNC(=N)N)NCC(=O)O,1A4W,True,True
F2,1K22,c1cc(ccc1CNC(=O)[C@@H]2CCN2C(=O)[C@@H](C3CCCCC3)NCC(=O)O)C(=N)N,1A4W,True,True
GLUT1,5EQG,C[C@H](NC(=O)[C@H](Cc1ccc(F)cc1)NC(=O)Cc2cccc(O)c2)c3ccccc3,5EQG,False,False
GLUT1,5EQH,C[C@@H](c1ccccc1)NC(=O)[C@H](Cc2ccccc2Br)NC(=O)Cc3ccc(cc3)OC,5EQG,False,False
GLUT1,5EQI,C[C@@H]1CCC[C@H](/C=C/C(=O)O[C@]23[C@@H](/C=C/C1)[C@@H](C(=C)[C@H]([C@H]2[C@@H](NC3=O)Cc4ccccc4)C)O)O,5EQG,True,True
HSP90AA1,1YC1,CCc1cc(c(O)cc1O)c2n[nH]c(C(O)=O)c2c3ccc4OCOc4c3,1YC1,False,False
HSP90AA1,1YC4,CCc1cc(c(cc1O)O)c2c(c[nH]n2)c3c[nH]cn3,1YC1,False,True
HSP90AA1,1YET,C[C@H]1C[C@@H]([C@@H]([C@H](\C=C(\[C@@H]([C@H](\C=C/C=C(/C(=O)NC2=CC(=O)C(=C(C1)C2=O)OC)\C)OC)OC(=O)N)/C)C)O)OC,1YC1,True,False
HSP90AA1,2QFO,Cc1cc(nc(n1)N)C(F)(F)F,1YC1,True,True
HSP90AA1,2QG0,Cc1cc(nc(n1)N)CNS(=O)(=O)c2cccc(c2)N\C=C\3/CCOC3=O,1YC1,True,False
HSP90AA1,2QG2,Cc1cc(nc(n1)N)C#Cc2ccccc2CNN3C=COC3=O,1YC1,True,False
HSP90AA1,2UWD,CCNC(=O)c1c(c(on1)c2cc(c(cc2O)O)Cl)c3ccc(cc3)OC,1YC1,False,True
HSP90AA1,2XAB,CC(C)c1cc(c(cc1O)O)C(=O)N2Cc3ccccc3C2,1YC1,True,True
HSP90AA1,2XDK,c1cc(cnc1)c2ccnc(n2)N,1YC1,True,True
HSP90AA1,2XDL,CCN(CC)C(=O)c1ccc(c(c1)OC)O,1YC1,True,True
HSP90AA1,2XDX,COc1ccccc1c2cc(nc(n2)N)Cl,1YC1,True,True
HSP90AA1,2XHT,CC(C)(C)c1cc(ccc1O)C(=O)N2CCOCC2,1YC1,True,True
HSP90AA1,2XJG,CC(C)c1cc(c(cc1OC)O)C(=O)N2Cc3ccccc3C2,1YC1,True,True
HSP90AA1,2XJJ,CC1(CNc2c1cc(c(c2)O)C(=O)N3Cc4ccccc4C3)C,1YC1,True,True
HSP90AA1,2XJX,CC(C)c1cc(c(cc1O)O)C(=O)N2Cc3ccc(cc3C2)CN4CCN(CC4)C,1YC1,True,False
HSP90AA1,2YI0,COc1ccc(cc1)c2c(nns2)c3cc(c(cc3O)O)Cl,1YC1,False,True
HSP90AA1,2YI7,CCOc1ccc(cc1)c2c(nns2)c3cc(c(cc3O)O)Cl,1YC1,False,True
HSP90AA1,2YKI,c1ccc2c(c1)-c3c(cccc3[C@@H]2NC(=O)c4ccnc5c4cc[nH]5)c6[nH]c7cnccc7n6,1YC1,True,False
HSP90AA1,3B24,CCSc1nc(nc(n1)N)C,1YC1,True,True
HSP90AA1,3B25,Cc1ccc(cc1)S(=O)(=O)c2cc(nc(n2)N)C,1YC1,True,False
HSP90AA1,3B26,Cc1cc(nc(n1)N)c2ccc3c4c2cccc4COC3,1YC1,True,True
MGLUR5,4OO9,COC(=O)N1CC[C@@H]2[C@H]1CCC[C@@]2(O)C#Cc3cccc(C)c3,4OO9,False,False
MGLUR5,5CGC,c1cnn(c1)c2cc(ncn2)c3cc(cc(c3F)Cl)C#N,4OO9,True,False
MGLUR5,5CGD,c1cc(ncc1F)c2cc(ncn2)c3cc(cc(c3)Cl)C#N,4OO9,True,False
MGLUR5,6FFH,CN1CC(=O)N=C1NC(=O)Nc2cccc(c2)Cl,4OO9,True,True
MGLUR5,6FFI,Cc1cccc(n1)C#Cc2cccc(c2)OC,4OO9,False,True
NR3C1,3BQD,C[C@@H]1C[C@H]2[C@@H]3C=C(C)C4=Cc5n(ncc5C[C@]4(C)[C@H]3[C@@H](O)C[C@]2(C)[C@@]1(O)C(=O)CO)c6ccccc6,3BQD,False,False
NR3C1,1P93,C[C@@H]1C[C@H]2[C@@H]3CCC4=CC(=O)C=C[C@@]4([C@]3([C@H](C[C@@]2([C@]1(C(=O)CO)O)C)O)F)C,3BQD,False,True
NR3C1,3CLD,C[C@@H]1C[C@H]2[C@@H]3C[C@@H](C4=CC(=O)C=C[C@@]4([C@]3([C@H](C[C@@]2([C@]1(C(=O)SCF)OC(=O)c5ccco5)C)O)F)C)F,3BQD,False,True
NR3C1,3E7C,CCN(C[C@@](CNC(=O)c1cnn(c1N)c2ccc(cc2)F)(C(F)(F)F)O)C(=O)c3c(cccc3Cl)Cl,3BQD,True,True
NR3C1,3K22,Cc1cc(c2cnn(c2c1)c3cccc(c3)C(=O)N[C@H](C)C(=O)N)NCC(C(F)(F)F)(C(F)(F)F)O,3BQD,True,True
NR3C1,4CSJ,Cc1cc(c(c(c1)C)S(=O)(=O)N[C@@H](C)CNc2cccc3c2cnn3c4ccc(cc4)F)C,3BQD,True,True
NR3C1,4MDD,CC(C)c1cc2c(c([nH]c2c(c1)NS(=O)(=O)C)CN(C)Cc3ccccc3)c4ccc(cc4OC)F,3BQD,True,False
NR3C1,4P6W,C[C@@H]1C[C@H]2[C@@H]3CCC4=CC(=O)C=C[C@@]4([C@]3([C@H](C[C@@]2([C@]1(C(=O)CCl)OC(=O)c5ccco5)C)O)Cl)C,3BQD,False,True
NR3C1,4P6X,C[C@]12CCC(=O)C=C1CC[C@@H]3[C@@H]2[C@H](C[C@]4([C@H]3CC[C@@]4(C(=O)CO)O)C)O,3BQD,False,True
NR3C1,4UDD,C[C@]12C[C@@H]([C@H]3[C@H]([C@@H]1C[C@@H]4[C@]2(O[C@@H](O4)C5CCCCC5)C(=O)CO)CCC6=CC(=O)C=C[C@]36C)O,3BQD,False,True
NR3C1,5G3J,CC[C@@H]1C[C@@]([C@H](c2c1c(c(c(c2)F)F)O)Nc3cccc4c3C=CC(=O)N4)(C(F)(F)F)O,3BQD,True,True
NR3C1,5G5W,C[C@@H]([C@@H](c1ccccc1)Oc2ccc3c(c2)cnn3c4ccc(cc4)F)NC(=O)C(F)(F)F,3BQD,True,True
NR3C1,5NFP,CCC[C@@H]1O[C@@H]2C[C@H]3[C@@H]4CCC5=CC(=O)C=C[C@@]5([C@H]4[C@H](C[C@@]3([C@@]2(O1)C(=O)CO)C)O)C,3BQD,False,True
NR3C1,5NFT,C[C@@H]([C@@H](c1cccc(c1)OC)Oc2ccc3c(c2)cnn3c4ccc(cc4)F)NC(=O)C(F)(F)F,3BQD,True,True
NR3C1,6EL6,C[C@@H]([C@@H](c1ccc(nc1)OC)Oc2ccc3c(c2)cnn3c4ccc(cc4)F)NC(=O)C5CC5,3BQD,True,True
NR3C1,6EL7,C[C@@H]([C@@H](c1cnc(nc1)C2CC2)Oc3ccc(cc3Br)C#N)NC(=O)C(C)(F)F,3BQD,True,True
NR3C1,6EL9,CC(C)[C@@H]([C@@H](c1ccccc1)Oc2ccc3c(c2)cnn3C4=CN(C(=O)C=C4)C)NC(=O)C(C)(F)F,3BQD,True,False
NR3C2,3WFF,Fc1ccc(c(F)c1)C2=C(COC2=O)c3ccc4OCC(=O)Nc4c3,3WFF,False,False
NR3C2,2A3I,C[C@]12CCC(=O)C=C1CC[C@@H]3[C@@H]2[C@H](C[C@]4([C@H]3CC[C@@H]4C(=O)CO)C)O,3WFF,True,True
NR3C2,2AA5,CC(=O)[C@H]1CC[C@@H]2[C@@]1(CC[C@H]3[C@H]2CCC4=CC(=O)CC[C@]34C)C,3WFF,True,True
NR3C2,2AA7,C[C@]12CC[C@H]3[C@H]([C@@H]1CC[C@@H]2C(=O)CO)CCC4=CC(=O)CC[C@]34C,3WFF,True,True
NR3C2,3VHV,c1ccc(cc1)[C@H]2C(=Nn3cnnc3S2)c4ccc5c(c4)NC(=O)CO5,3WFF,True,True
NR3C2,3WFG,C[C@H]1C(=C(C(=O)O1)c2ccc(cc2)F)c3ccc4c(c3)NC(=O)CO4,3WFF,False,True
NR3C2,4PF3,Cc1c(c(n(n1)CC(CO)(F)F)c2ccc(cc2)F)c3ccc4c(c3)NC(=O)CO4,3WFF,False,True
NR3C2,5HCV,c1ccc\2c(c1)COc3cc(ccc3/C2=C/c4ccc5c(c4)NC(=O)CO5)F,3WFF,True,True
NR3C2,5L7E,Cc1c(c(on1)C)c2ccc(cc2)CNS(=O)(=O)c3ccccc3,3WFF,True,True
NR3C2,5L7G,Cc1c(c(on1)COc2cccc(c2F)F)c3ccc(cc3)CNS(=O)(=O)C4(CC4)C,3WFF,True,False
NR3C2,5MWP,CNC(=O)C[C@H]1COc2cc(ccc2N1C(=O)c3ccc4c(c3)NC(=O)CO4)F,3WFF,True,True
NR3C2,5MWY,C[C@]12CCC(=O)C=C1C[C@H]([C@@H]3[C@]24[C@H](O4)C[C@]5([C@H]3CC[C@@]56CCC(=O)O6)C)C(=O)OC,3WFF,True,True
P00760,1BJU,NC(=N)c1ccc(NC(=O)Nc2ccc(Cl)cc2)cc1,1BJU,False,False
P00760,1BJV,c1ccc(cc1)Oc2ccc(cc2)NC(=O)Nc3ccc(cc3)C(=N)N,1BJU,False,True
P00760,1BTY,[H]/N=C(\c1ccccc1)/N,1BJU,True,True
P00760,1C1R,c1ccc2c(c1)[nH]c(n2)Cc3[nH]c4ccc(cc4n3)C(=N)N,1BJU,True,True
P00760,1C5Q,c1cc2c(cc(s2)C(=[NH2+])N)c(c1)I,1BJU,True,True
P00760,1C5S,c1ccc2c(c1)cc(s2)C(=[NH2+])N,1BJU,True,True
P00760,1C5T,c1cc2cc(sc2nc1)C(=[NH2+])N,1BJU,True,True
P00760,1EB2,[H]/N=C(\c1cccc(c1)C(=O)N[C@H](c2ccccc2)C(=O)N3CCC(CC3)C(=O)c4ccccc4)/N,1BJU,True,False
P00760,1F0T,c1cc2c(cc(s2)S(=O)(=O)N[C@H]3CCN(C3=O)Cc4cc(ccc4O)C(=N)N)nc1,1BJU,True,True
P00760,1F0U,C[C@H]([C@@H](Cc1cccc(c1)C(=N)N)C(=O)OC)NC(=O)c2ccc(cc2)c3cccc(c3)CN,1BJU,True,False
P00760,1G36,[H]/N=C(/c1ccc(cc1)NCc2nc3cc(ccc3n2C)Cn4c(nc5c4cccc5)C)\N,1BJU,True,True
P00760,1G3D,C[C@@H](C(=O)O)NCc1cc(ccc1O)C(=N)N,1BJU,True,True
P00760,1G3E,C[C@@H](C(=O)O)NCc1ccc(cc1O)C(=N)N,1BJU,True,True
P00760,1GHZ,c1cc2c(cc1C(=[NH2+])N)nc([nH]2)C3=CC=CNC3=O,1BJU,True,True
P00760,1GI1,c1ccc(c(c1)c2[nH]c3ccc(cc3n2)C(=[NH2+])N)O,1BJU,True,True
P00760,1GJ6,c1ccc(cc1)c2cccc(c2O)c3cc4cc(c(cc4[nH]3)Cl)C(=[NH2+])N,1BJU,True,True
P00760,1K1I,[H]/N=C(\c1cccc(c1)C[C@@H](C(=O)N2CCCC[C@@H]2C(=O)O)NS(=O)(=O)c3ccc4ccccc4c3)/N,1BJU,True,False
P00760,1K1J,[H]/N=C(/c1cccc(c1)C[C@@H](C(=O)N2CCC(CC2)C(=O)OC)NS(=O)(=O)c3ccc4ccccc4c3)\N,1BJU,True,True
P00760,1K1L,[H]/N=C(/c1cccc(c1)C[C@@H](C(=O)N2CCNCC2)NS(=O)(=O)c3ccc4ccccc4c3)\N,1BJU,True,True
P00760,1K1M,CC(=O)N1CCN(CC1)C(=O)[C@H](Cc2cccc(c2)C(=N)N)NS(=O)(=O)c3ccc4ccccc4c3,1BJU,True,True
P00760,1K1N,Cc1cc(c(c(c1S(=O)(=O)N[C@@H](CC(=O)O)C(=O)N[C@H](Cc2ccc(cc2)C(=N)N)C(=O)N3CCCCC3)C)C)OC,1BJU,True,True
P19491,1FTM,Cc1onc(O)c1C[C@H](N)C(O)=O,1FTM,False,False
P19491,1M5B,Cn1nc(nn1)c2c(c(no2)O)CC(C(=O)O)N,1FTM,False,True
P19491,1M5C,C(c1c(c(no1)O)Br)C(C(=O)O)N,1FTM,False,True
P19491,1M5E,Cc1c(c(no1)C(=O)O)CC(C(=O)O)N,1FTM,False,True
P19491,1MQD,c1c(c(no1)O)C[C@@H](C(=O)O)N,1FTM,False,True
P19491,1MQG,C1=C(C(=O)NC(=O)N1C[C@@H](C(=O)O)N)I,1FTM,True,True
P19491,1MQH,C1=C(C(=O)NC(=O)N1C[C@@H](C(=O)O)N)Br,1FTM,True,True
P19491,1MQI,C1=C(C(=O)NC(=O)N1C[C@@H](C(=O)O)N)F,1FTM,True,True
P19491,1MQJ,C1=CN(C(=O)NC1=O)C[C@@H](C(=O)O)N,1FTM,True,True
P19491,1N0T,CC(C)(C)c1c(c(no1)OCP(=O)(O)O)C[C@@H](C(=O)O)N,1FTM,False,False
P19491,1SYH,C1CC2=C(C1)N(C(=O)NC2=O)C[C@@H](C(=O)O)N,1FTM,True,True
P19491,1WVJ,C1CC=C(c2c(onc2O)C1)C[C@@H](C(=O)O)N,1FTM,False,True
P19491,2P2A,c1ccc(cc1)Cn2nc(nn2)c3c(c(no3)O)C[C@@H](C(=O)O)N,1FTM,False,False
P19491,3BFT,C(c1c(nsn1)O)[C@@H](C(=O)O)N,1FTM,False,True
P19491,3H03,C1=CN(C(=O)N(C1=O)CCC(=O)O)C[C@@H](C(=O)O)N,1FTM,True,True
P19491,3H06,c1cc(ccc1CN2C(=O)C=CN(C2=O)C[C@H](C(=O)O)N)C(=O)O,1FTM,True,False
P22756,1VSO,CC(C)(C)c1onc(OC[P](O)(O)=O)c1C[C@H](N)C(O)=O,1VSO,False,False
P22756,2F34,CC1=CN(C(=O)N(C1=O)Cc2ccsc2C(=O)O)C[C@@H](C(=O)O)N,1VSO,True,True
P22756,2F35,c1ccc(c(c1)CN2C(=O)C=CN(C2=O)C[C@@H](C(=O)O)N)C(=O)O,1VSO,True,True
P22756,2PBW,C[C@H](\C=C\C=C(\C)/[C@H]1CN[C@@H]([C@H]1CC(=O)O)C(=O)O)C(=O)O,1VSO,True,False
P22756,2QS1,CC1=CN(C(=O)N(C1=O)Cc2c(c(sc2C(=O)O)Br)Br)C[C@@H](C(=O)O)N,1VSO,True,True
P22756,2QS2,c1csc(c1CN2C(=O)C(=CN(C2=O)C[C@@H](C(=O)O)N)Br)C(=O)O,1VSO,True,True
P22756,2QS3,CC1=CN(C(=O)N(C1=O)Cc2cc(sc2C(=O)O)c3ccccc3)C[C@@H](C(=O)O)N,1VSO,True,False
P22756,2QS4,C1C[C@H]2CN[C@@H](C[C@H]2C[C@H]1CN3CC(C[C@H]3C(=O)O)(F)F)C(=O)O,1VSO,True,True
P22756,2WKY,C1CC=C(c2c(onc2O)C1)C[C@@H](C(=O)O)N,1VSO,True,True
P22756,3GBA,CN[C@@H]1[C@@H](CO[C@H]2[C@@H]1O[C@@](C2)(C[C@@H](C(=O)O)N)C(=O)O)O,1VSO,True,False
P22756,3GBB,C1C[C@@H]2[C@@H](C[C@](O2)(C[C@@H](C(=O)O)N)C(=O)O)OC1,1VSO,True,True
P22756,3S2V,c1csc(c1CN2C(=O)c3cscc3N(C2=O)C[C@@H](C(=O)O)N)C(=O)O,1VSO,True,True
P22756,4QF9,c1cc2c(cc1CC[C@@H](C(=O)O)N)NC(=O)C(=O)N2,1VSO,True,True
P22756,4YMB,CCC[C@@H]1CN[C@@H]([C@H]1c2cccc(c2)C(=O)O)C(=O)O,1VSO,True,True
P22756,5M2V,c1ccc(c(c1)C(=O)O)O[C@@H]2C[C@H](NC2)C(=O)O,1VSO,True,True
P22756,5NEB,CN1[C@H]2CN[C@@H]([C@H]2C(=N1)C(=O)O)C(=O)O,1VSO,True,True
P22756,5NF5,C1[C@H]2[C@@H]([C@H](N1)C(=O)O)C(=NO2)C(=O)O,1VSO,True,True
P22756,6FZ4,c1ccc(c(c1)C(=O)NN2c3cc(c(cc3NC(=O)C2=O)C(F)(F)F)F)O,1VSO,True,True
P22756,6SBT,c1ccc(cc1)C(=O)NN2c3cc(c(cc3NC(=O)C2=O)C(F)(F)F)n4ccnc4,1VSO,True,True
PDE10A,3UI7,COc1cc(C)c2nc3[nH]nc(C)c3c(CN4CCOCC4)c2c1,3UI7,False,False
PDE10A,3UUO,Cc1cc(cc2c1nc3c(c2N4CCNCC4)c(n[nH]3)C)OC,3UI7,False,True
PDE10A,4DFF,COc1cc2c(cc1OC)-c3c(ncn3CC2)c4cncs4,3UI7,True,True
PDE10A,4HF4,C[C@@H](C1CCN(CC1)c2c(nccn2)Oc3ccc(cc3)Nc4nc5ccccc5s4)O,3UI7,True,True
PDE10A,4LKQ,c1c2c([nH]n1)NC(=S)N=C2N,3UI7,True,False
PDE10A,4LLJ,c1ccc2c(c1)c([nH]c2N)N,3UI7,True,True
PDE10A,4LLK,CC1=Nc2ccccc2C(=O)N1,3UI7,True,True
PDE10A,4LLP,Cc1cc(ccc1O)N,3UI7,True,True
PDE10A,4LLX,Cc1cc(nc(n1)N)C,3UI7,True,True
PDE10A,4LM0,c1cc2c(cc1[N+](=O)[O-])cn[nH]2,3UI7,True,True
PDE10A,4LM1,c1cc2c(cccn2)c(c1)[N+](=O)[O-],3UI7,True,True
PDE10A,4LM2,c1cc2c(cc1CO)OCCO2,3UI7,True,False
PDE10A,4LM3,CC(=O)c1ccc2c(c1)OCCO2,3UI7,True,True
PDE10A,4LM4,c1ccc2c(c1)C(=O)N=CN2,3UI7,True,True
PDE10A,4MRW,c1cc2c(ccnc2cc1Cl)O,3UI7,True,True
PDE10A,4MRZ,Cc1ccnc(c1[N+](=O)[O-])N,3UI7,True,True
PDE10A,4MSA,c1cc2c(cc1[N+](=O)[O-])nc[nH]2,3UI7,True,True
PDE10A,4MSC,c1ccc2c(c1)ccc(n2)COc3ccc4cccnc4c3,3UI7,True,True
PDE10A,4MSN,c1cc2cccnc2c(c1)[N+](=O)[O-],3UI7,True,True
PDE10A,4ZO5,CC(C)Oc1cccc2c1C(=O)N(C2=O)CCC3=Nc4ccccc4C(=O)N3c5ccc(cc5)OC,3UI7,True,True
PDE10A,5C1W,Cc1c(nc(nc1Cl)C2CC2)Cl,3UI7,True,True
PLAU,1C5X,NC(=[NH2+])c1sc2cccc(I)c2c1,1C5X,False,False
PLAU,1C5Y,c1cc2cc(sc2nc1)C(=[NH2+])N,1C5X,True,True
PLAU,1C5Z,c1ccc(cc1)C(=[NH2+])N,1C5X,True,True
PLAU,1EJN,[H]/N=C(/N)\Nc1ccc(cc1)CNC(=O)NC23CC4CC(C2)CC(C4)C3,1C5X,True,True
PLAU,1F5L,c1(c(nc(c(n1)Cl)N)N)C(=O)NC(=N)N,1C5X,True,True
PLAU,1GI7,c1cc2c(cc1C(=[NH2+])N)nc([nH]2)C3=CC=CNC3=O,1C5X,True,True
PLAU,1GJ7,c1ccc(cc1)c2cccc(c2O)c3cc4cc(c(cc4[nH]3)Cl)C(=[NH2+])N,1C5X,True,True
PLAU,1GJ8,[H]/N=C(\c1cc2c(cc1F)[nH]c(n2)c3cccc(c3O)OCC(C)C)/N,1C5X,True,True
PLAU,1GJA,[H]/N=C(\c1ccc(cc1)NC(=O)c2ccccc2O)/N,1C5X,True,True
PLAU,1GJC,[H]/N=C(\c1ccc2c(c1)nc([nH]2)c3cccc(c3O)c4ccccc4)/N,1C5X,True,True
PLAU,1GJD,[H]/N=C(\c1ccc(cc1Cl)NC(=O)c2cc(cc(c2O)I)C)/N,1C5X,True,True
PLAU,1O3P,c1cc(c(c(c1)OC2CCCC2)[O-])c3[nH]c4ccc(cc4n3)C(=[NH2+])N,1C5X,True,True
PLAU,1O5A,c1ccc(cc1)c2cccc(c2[O-])c3cc4cc(ccc4[nH]3)C(=[NH2+])N,1C5X,True,True
PLAU,1O5C,C[C@H]1CCCC[C@@H]1Oc2cccc(c2[O-])c3[nH]c4cc(c(cc4n3)C(=[NH2+])N)F,1C5X,True,True
PLAU,1OWE,[H]/N=C(/c1ccc2cc(ccc2c1)C(=O)Nc3ccccc3)\N,1C5X,True,True
PLAU,1OWH,[H]/N=C(/c1ccc2cc(ccc2c1)C(=O)Nc3ccc(cc3)CN)\N,1C5X,True,True
PLAU,1SQA,c1cnc(nc1)Nc2cc(cc3c2cc(cc3)C(=N)N)C(=O)Nc4ccc(cc4)CN,1C5X,True,True
PLAU,1SQO,c1cc2ccc(cc2c(c1)Nc3ncccn3)C(=N)N,1C5X,True,True
PLAU,1SQT,[H]/N=C(/c1ccc2ccc(c(c2c1)c3cnn(c3)S(=O)(=O)C)OC)\N,1C5X,True,True
PLAU,1W0Z,[H]/N=C(\c1ccc(cc1)CNC(=O)[C@H](C)NC(=O)[C@@H](CO)NS(=O)(=O)CCCC)/N,1C5X,True,False
PLAU,1W11,[H]/N=C(\c1ccc(cc1)CNC(=O)[C@H](C)NC(=O)[C@@H](CO)NS(=O)(=O)Cc2ccccc2)/N,1C5X,True,True
PTPN1,1BZC,NC(=O)[C@H](CCC(O)=O)NC(=O)c1ccc2cc(ccc2c1)C(F)(F)[P](O)(O)=O,1BZC,False,False
PTPN1,1BZJ,c1cc(cc2c1cc(cc2)C(F)(F)P(=O)(O)O)C(=O)O,1BZC,False,True
PTPN1,1C83,c1c[nH]c2c1cc(c(c2)NC(=O)C(=O)O)C(=O)O,1BZC,True,True
PTPN1,1C84,c1ccc2cc(c(cc2c1)C(=O)O)NC(=O)C(=O)O,1BZC,True,True
PTPN1,1C86,C1COCc2c1c(c(s2)NC(=O)C(=O)O)C(=O)O,1BZC,True,True
PTPN1,1C88,C1CNCc2c1c(c(s2)NC(=O)C(=O)O)C(=O)O,1BZC,True,True
PTPN1,1ECV,c1cc(c(cc1I)C(=O)O)NC(=O)C(=O)O,1BZC,True,True
PTPN1,1G7F,CCCCCNC(=O)[C@H](Cc1ccc(cc1)OC(C(=O)O)C(=O)O)NC(=O)N[C@@H](Cc2ccccc2)C(=O)O,1BZC,True,False
PTPN1,1G7G,CCCCCNC(=O)[C@H](Cc1ccc(c(c1)C(=O)O)OCC(=O)O)NC(=O)[C@H](Cc2ccccc2)NC(=O)CCC(=O)O,1BZC,True,False
PTPN1,1GFY,C1CSCc2c1c(c(s2)NC(=O)C(=O)O)C(=O)O,1BZC,True,True
PTPN1,1KAV,c1cc(ccc1CCCCc2ccc(cc2)C(F)(F)P(=O)(O)O)C(F)(F)P(=O)(O)O,1BZC,True,True
PTPN1,1L8G,c1ccc2c(c1)C(=NS2(=O)=O)OC[C@H]3c4c(c(c(s4)NC(=O)C(=O)O)C(=O)O)CCO3,1BZC,True,True
PTPN1,1NL9,CCCCCNC(=O)[C@H](Cc1ccc(c2c1cccc2)N(c3ccccc3C(=O)O)C(=O)C(=O)O)NC(=O)C,1BZC,True,False
PTPN1,1NNY,CC(=O)N[C@@H](Cc1ccc(c2c1cccc2)N(c3ccccc3C(=O)O)C(=O)C(=O)O)C(=O)NCCCCCOc4cc5ccccc5cc4C(=O)O,1BZC,True,False
PTPN1,1NO6,c1ccc2c(c1)cccc2N(c3ccccc3C(=O)O)C(=O)C(=O)O,1BZC,True,False
PTPN1,1NWL,CC(=O)NCCSSCCNC(=O)C1CCC(CC1)NC(=O)c2c(nccn2)C(=O)O,1BZC,True,False
PTPN1,1NZ7,CCc1cc(ccc1N(c2ccccc2C(=O)O)C(=O)C(=O)O)C[C@@H](C(=O)NCCCCC(=O)N[C@@H](CCSC)C(=O)O)NC(=O)C,1BZC,True,False
PTPN1,1ONY,CCCCCNC(=O)[C@H](Cc1ccc(c(c1)\C=C\C(=O)N)N(c2ccccc2C(=O)O)C(=O)C(=O)O)NS(=O)(=O)C,1BZC,True,False
PTPN1,1ONZ,c1ccc(c(c1)C(=O)O)N(c2cccc3c2cc(cc3)O)C(=O)C(=O)O,1BZC,True,False
PTPN1,1PYN,CC(C)(C)OC(=O)N[C@@H](Cc1ccc(cc1)OC(C(=O)O)C(=O)O)C(=O)NCCCCOc2cccc(c2C(=O)OC)O,1BZC,True,False
PTPN1,1QXK,CC(=O)N[C@@H](Cc1ccc(c(c1)O)OCC(=O)O)C(=O)NCCCCOc2cccc(c2C(=O)OC)O,1BZC,True,False
PYGM,1A8I,OC[C@H]1O[C@@]2(NC(=O)NC2=O)[C@H](O)[C@@H](O)[C@@H]1O,1A8I,False,False
PYGM,2G9Q,C1[C@H]([C@@H]([C@H](N1)CO)O)O,1A8I,True,True
PYGM,2PYI,c1ccc(cc1)c2cn(nn2)CC(=O)N[C@H]3[C@@H]([C@H]([C@@H]([C@H](O3)CO)O)O)O,1A8I,True,True
PYGM,2QRG,COc1ccc(cc1)C2=NO[C@]3(C2)[C@@H]([C@H]([C@@H]([C@H](O3)CO)O)O)O,1A8I,False,True
PYGM,2QRH,c1ccc(cc1)C2=NO[C@]3(C2)[C@@H]([C@H]([C@@H]([C@H](O3)CO)O)O)O,1A8I,False,True
PYGM,2QRM,c1cc(ccc1C2C[C@]3([C@@H]([C@H]([C@@H]([C@H](O3)CO)O)O)O)ON2)[N+](=O)[O-],1A8I,False,True
PYGM,2QRP,c1ccc2cc(ccc2c1)C3C[C@]4([C@@H]([C@H]([C@@H]([C@H](O4)CO)O)O)O)ON3,1A8I,True,True
PYGM,2QRQ,Cc1ccc(cc1)C2C[C@]3([C@@H]([C@H]([C@@H]([C@H](O3)CO)O)O)O)ON2,1A8I,False,True
PYGM,3G2H,c1ccc(cc1)c2cn(nn2)[C@H]3[C@@H]([C@H]([C@@H]([C@H](O3)CO)O)O)O,1A8I,False,True
PYGM,3G2I,c1c(nnn1[C@H]2[C@@H]([C@H]([C@@H]([C@H](O2)CO)O)O)O)CO,1A8I,False,True
PYGM,3G2J,C([C@@H]1[C@H]([C@@H]([C@H]([C@@H](O1)NC(=O)CO)O)O)O)O,1A8I,False,True
PYGM,3G2K,c1ccc2cc(ccc2c1)c3cn(nn3)[C@H]4[C@@H]([C@H]([C@@H]([C@H](O4)CO)O)O)O,1A8I,False,True
PYGM,3G2L,c1ccc2c(c1)cccc2c3cn(nn3)[C@H]4[C@@H]([C@H]([C@@H]([C@H](O4)CO)O)O)O,1A8I,False,False
PYGM,3G2N,c1ccc(cc1)C(=O)N[C@H]2[C@@H]([C@H]([C@@H]([C@H](O2)CO)O)O)O,1A8I,False,True
PYGM,3L79,C1=CN(C(=O)NC1=O)[C@H]2[C@@H]([C@H]([C@@H]([C@H](O2)CO)O)F)O,1A8I,False,True
PYGM,3L7A,c1ccc(cc1)C(=O)NC2=NC(=O)N(C=C2)[C@H]3[C@@H]([C@H]([C@@H]([C@H](O3)CO)O)F)O,1A8I,True,True
PYGM,3L7B,C1=CN(C(=O)N=C1N)[C@H]2[C@@H]([C@H]([C@@H]([C@H](O2)CO)O)F)O,1A8I,False,True
PYGM,3L7C,C1=C(C(=O)NC(=O)N1[C@H]2[C@@H]([C@H]([C@@H]([C@H](O2)CO)O)F)O)F,1A8I,False,True
PYGM,3L7D,c1ccc(cc1)C(=O)NC2=NC(=O)N(C=C2)[C@H]3C[C@H]([C@@H]([C@H](O3)CO)O)F,1A8I,True,False
PYGM,3SYM,C1=C(C(=O)NC(=O)N1[C@H]2[C@@H]([C@@]([C@@H]([C@H](O2)CO)O)(CO)O)O)F,1A8I,False,True
PYGM,3SYR,C1=C(C(=O)NC(=O)N1[C@H]2[C@@H]([C@H]([C@@H]([C@H](O2)CO)O)O)O)F,1A8I,False,True
Q05586-Q12879,5H8H,CCN(CC1=CC(=O)N2N=C(C)SC2=N1)c3ccccc3,5H8H,False,False
Q05586-Q12879,5H8N,c1cc(cnc1)CNC(=O)c2ccc(cc2)CNS(=O)(=O)c3ccc(cc3)F,5H8H,True,False
Q05586-Q12879,5H8Q,CCN(CC1=CC(=O)N2C3=C(CCC3)SC2=N1)c4ccc(cc4)F,5H8H,False,True
Q05586-Q12879,5I2K,CCN(CC1=CC(=O)N2C(=C(SC2=N1)C)C(=O)NC)c3ccc(cc3)F,5H8H,False,True
Q05586-Q12879,5I2N,CCNC(=O)C1=C(SC2=NC(=CC(=O)N12)Cc3cccc(c3F)C(F)(F)F)C,5H8H,True,True
Q05586-Q12879,5KCJ,CC1=C(N2C(=O)C=C(N=C2S1)COc3ccc(cc3)F)[C@@H]4C[C@H]4CO,5H8H,True,True
Q05586-Q12879,5KDT,c1c(nn(c1Cl)CC2=CC(=O)N3C(=C(SC3=N2)C(F)(F)F)[C@@H]4C[C@H]4C#N)C(F)(F)F,5H8H,True,True
Q05586-Q12879,5TP9,CCNC(=O)C1=C(SC2=NC(=CC(=O)N12)Cn3c(cc(n3)C(F)(F)F)Cl)C,5H8H,True,False
Q05586-Q12879,5TPA,CC1=C(N2C(=NC(=CC2=O)Cn3c(cc(n3)C(F)(F)F)Cl)C=C1)[C@@H]4C[C@H]4C#N,5H8H,True,True
SIGMAR1,5HK1,CCCN1CCC=C(C1)c2onc(c2)c3ccc(C)cc3,5HK1,False,False
SIGMAR1,5HK2,c1ccc(cc1)CN2CCC(CC2)NC(=O)c3ccc(cc3)I,5HK1,True,True
SIGMAR1,6DJZ,c1cc(ccc1C(=O)CCCN2CCC(CC2)(c3ccc(cc3)Cl)O)F,5HK1,True,True
SIGMAR1,6DK0,CCCN(CCC)CCc1ccc(c(c1)OCCc2ccccc2)OC,5HK1,True,True
SIGMAR1,6DK1,C[C@@H]1[C@@H]2Cc3ccc(cc3[C@]1(CCN2CC=C(C)C)C)O,5HK1,True,False
SLC6A4,5I6X,Fc1ccc(cc1)[C@@H]2CCNC[C@H]2COc3ccc4OCOc4c3,5I6X,False,False
SLC6A4,5I71,CN(C)CCC[C@@]1(c2ccc(cc2CO1)C#N)c3ccc(cc3)F,5I6X,True,True
SLC6A4,5I74,CN(C)CCC[C@@]1(c2ccc(cc2CO1)C#N)c3ccc(cc3)Br,5I6X,True,True
SLC6A4,6AWO,CN[C@H]1CC[C@H](c2c1cccc2)c3ccc(c(c3)Cl)Cl,5I6X,True,True
SLC6A4,6AWP,COCCCC/C(=N\OCCN)/c1ccc(cc1)C(F)(F)F,5I6X,True,True
SMO,4JKV,Cn1nccc1c2nnc(N3CCC(CC3)N(C)C(=O)c4ccc(F)cc4C(F)(F)F)c5ccccc25,4JKV,False,False
SMO,4N4W,Cc1c(c(n(n1)c2ccccc2)C)/C=N/N3CCN(CC3)Cc4ccccc4,4JKV,True,False
SMO,4QIM,CC(C)(c1ccc(nc1)N2CCN(CC2)c3c4ccccc4c(nn3)Cc5ccccc5)O,4JKV,True,True
SMO,5L7I,CS(=O)(=O)c1ccc(c(c1)Cl)C(=O)Nc2ccc(c(c2)c3ccccn3)Cl,4JKV,True,True
SMO,5V57,Cn1c(ccn1)c2c3ccccc3c(nn2)N4CCC(CC4)N(C)C(=O)c5ccc(cc5C(F)(F)F)[N+](=O)[O-],4JKV,False,True
VDR,1DB1,C[C@H](CCCC(C)(C)O)[C@H]1CC[C@H]2C(/CCC[C@]12C)=C/C=C3/C[C@@H](O)C[C@H](O)C3=C,1DB1,False,False
VDR,1IE8,CCC(CC)(CCCO[C@H](C)[C@H]1CC[C@@H]\2[C@@]1(CCC/C2=C\C=C/3\C[C@H](C[C@@H](C3=C)O)O)C)O,1DB1,False,True
VDR,1S0Z,CCC(CC)(C=C\C=C\[C@@H](C)[C@H]1CC[C@@H]\2[C@@]1(CCC/C2=C\C=C/3\C[C@H](C[C@@H](C3=C)O)O)C)O,1DB1,False,True
VDR,1S19,C[C@H](\C=C\[C@H](C1CC1)O)[C@H]2CC[C@@H]\3[C@@]2(CCC/C3=C\C=C/4\C[C@H](C[C@@H](C4=C)O)O)C,1DB1,False,True
VDR,2HAM,CCC[C@H]1[C@@H](C/C(=C/C=C/2\CCC[C@]3([C@H]2CC[C@@H]3[C@H](C)CCCC(C)(C)O)C)/C(=C)[C@H]1O)O,1DB1,False,True
VDR,2HAR,C[C@H](CCCC(C)(C)O)[C@H]1CC[C@@H]\2[C@@]1(CCC/C2=C\C=C/3\C[C@H]([C@@H]([C@@H](C3=C)O)OCCCO)O)C,1DB1,False,True
VDR,2HAS,CCCO[C@H]1[C@@H](C/C(=C/C=C/2\CCC[C@]3([C@H]2CC[C@@H]3[C@H](C)CCCC(C)(C)O)C)/C(=C)[C@H]1O)O,1DB1,False,True
VDR,2HB7,C[C@H](CCCC(C)(C)O)[C@H]1CC[C@@H]\2[C@@]1(CCC/C2=C\C=C/3\C[C@H]([C@@H]([C@@H](C3=C)O)CCCO)O)C,1DB1,False,True
VDR,2HB8,C[C@H]1[C@@H](C/C(=C/C=C/2\CCC[C@]3([C@H]2CC[C@@H]3[C@H](C)CCCC(C)(C)O)C)/C(=C)[C@H]1O)O,1DB1,False,True
VDR,3A2I,C[C@@H](C[C@H]1CC(=C)C(=O)O1)[C@H]2CC[C@@H]\3[C@@]2(CCC/C3=C\C=C/4\C[C@H](C[C@@H](C4=C)O)O)C,1DB1,False,True
VDR,3A3Z,C[C@H]1[C@@H](C/C(=C/C=C/2\CCC[C@]3([C@H]2CC[C@@H]3[C@@]4(C[C@@H](CO4)CC(C)(C)O)C)C)/C(=C)[C@H]1O)O,1DB1,False,True
VDR,3A40,C[C@H]1[C@@H](C/C(=C/C=C/2\CCC[C@]3([C@H]2CC[C@@H]3[C@@]4(C[C@H](CO4)CC(C)(C)O)C)C)/C(=C)[C@H]1O)O,1DB1,False,True
VDR,3A78,C[C@H](CCCC(C)(C)O)[C@H]1CC[C@@H]\2[C@@]1(CCC/C2=C\C=C/3\C[C@@H](C[C@@H](C3=C)O)O)C,1DB1,False,True
VDR,3AUQ,C[C@H]1[C@@H](CC(=C[C@H]1O)C#CC2=CCC[C@]3([C@@H]2CC[C@@H]3[C@H](C)CCCC(C)(C)O)C)O,1DB1,False,True
VDR,3AX8,C[C@H](CCCC(C)(C)O)[C@H]1C[C@@H]([C@@H]\2[C@@]1(CCC/C2=C\C=C/3\C[C@H](C[C@@H](C3=C)O)O)C)OC,1DB1,False,True
VDR,3AZ1,CCC(CC)(c1ccc(c(c1)C)OC[C@@H](C(C)(C)C)O)c2ccc(c(c2)C)OCC(=O)O,1DB1,True,True
VDR,3AZ2,CCC(CC)(c1ccc(c(c1)C)OCCCCC(=O)O)c2ccc(c(c2)C)OC[C@@H](C(C)(C)C)O,1DB1,True,True
VDR,3AZ3,CCC(CC)(c1ccc(c(c1)C)CC[C@@H](C(C)(C)C)O)c2ccc(c(c2)C)OC[C@H](CCC(=O)O)O,1DB1,True,True
VDR,3B0T,C[C@@H]([C@H]1CC[C@@H]\2[C@@]1(CCC/C2=C\C=C/3\C[C@H](C[C@@H](C3=C)O)O)C)OCCC(C)(C)O,1DB1,False,True
VDR,3CS4,C[C@]12CCC/C(=C\C=C/3\C[C@H](C[C@@H](C3=C)O)O)/[C@@H]1CC[C@@H]2[C@@]4(C[C@@H](CO4)CC(C)(C)O)C,1DB1,False,True
BRD4,4MR3,Cc1cc(cc(c1O)C)C2=Nc3cc(cc(c3C(=O)N2)OC)OC,2YEL,True,False
CDK2,1CKP,c1nc(c2c(n1)n(cn2)C)Nc3cccc(c3)Cl,1AQ1,True,True
DHFR,3NXR,CCC/C(=C\c1coc2c1c(nc(n2)N)N)/c3ccccc3OC,1BOZ,True,True
F2,1FPC,CCC1CCN(CC1)C(=O)[C@H](CCCNC(=[NH2+])N)NS(=O)(=O)c1cccc2c1cccc2N(C)C,1A4W,False,True
NR3C2,2AA2,C[C@]12CCC(=O)C=C1CC[C@@H]3[C@@H]2[C@H](C[C@]4([C@H]3CC[C@@H]4C(=O)CO)C=O)O,3WFF,True,True
VDR,1TXI,C[C@H](CC#CC(C)(C)O)[C@H]1CCC2[C@@]1(CCCC2=C\C=C3C[C@H](C[C@@H](C3)O)O)C,1DB1,False,True
